lars,matthew
dale,arthur
anthony,dante
hakeem,xander
chadwick,jana
honorato,dana
nehru,lavinia
vance,ronan
basil,elaine
fitzgerald,chandler
hammett,katell
quentin,amaya
tobias,ignacia
finn,kyla
blaze,jemima
ulric,curran
tad,kuame
neville,ebony
elmo,elaine
conan,linus
conan,carson
louis,quin
merrill,chandler
noah,stella
henry,carla
mannix,raymond
zephania,hashim
wayne,ima
knox,macy
mason,ivana
forrest,aiko
justin,chava
tobias,tatiana
evan,bianca
fuller,kirby
orson,damian
jermaine,wing
darius,adam
zachery,raja
ezekiel,bruce
bruno,yael
raja,hermione
elton,shelly
oliver,norman
rigel,flynn
malcolm,keane
tucker,suki
allen,ryan
elliott,regan
coby,forrest
jerome,buffy
harrison,thane
benjamin,lane
brenden,arden
travis,christopher
dexter,raven
patrick,destiny
slade,benedict
coby,maxwell
dale,venus
akeem,alyssa
elmo,drake
garth,brianna
deacon,doris
amir,marshall
dane,fletcher
malcolm,simone
emerson,jennifer
vance,blake
nicholas,britanni
logan,joel
henry,lacota
len,veda
chaney,clio
cullen,hollee
lars,myra
guy,hashim
stone,barclay
russell,bevis
octavius,dante
hoyt,katell
leonard,mia
josiah,lewis
joel,ariel
gavin,serina
kennan,daria
reese,lucy
gil,audra
marshall,glenna
ethan,rhoda
nehru,vanna
yuli,joelle
nolan,ezra
ryder,priscilla
slade,sacha
reuben,dara
sebastian,chava
ali,shelly
steel,brenda
baker,eden